135336145587404800,ChewyBomber
93135349697515520,chutch1122
135301680437657601,Crauzer
365530716949446656,danil179
172400895496028170,Deudly
168831291137982465,eddy5641
155797037055606784,Fighter19
200262454977101826,FurkanS1821
192800817084891136,hesa2020
167329050262634496,horato
167386452244692992,joaquin95
221330702656995329,kacperoo29
246396866747432962,MatthewFrench
174446514519801856,Maufeat
86540964021161984,molenzwiebel
168505789047242752,moonshadow565
66561152137564160,MythicManiac
146382118778437632,Neekhaulas
199971220274282497,OrangeNote
106283188694884352,piorrro33
158564263294795776,Pokemonred200
152797685114601483,TheWebs
95587342839984128,Veykril
156330338191278080,wildbook
217017691205009410,xDawiss
169198577904648192,LeagueRaINi
